<?xml version="1.0" encoding="UTF-8"?>
<project-private xmlns="http://www.netbeans.org/ns/project-private/1">
    <editor-bookmarks xmlns="http://www.netbeans.org/ns/editor-bookmarks/2" lastBookmarkId="0"/>
    <open-files xmlns="http://www.netbeans.org/ns/projectui-open-files/2">
        <group>
            <file>file:/C:/Users/sumit/Documents/NetBeansProjects/Airline%20Management%20System/src/airline/management/system/BoardingPass.java</file>
            <file>file:/C:/Users/sumit/Documents/NetBeansProjects/Airline%20Management%20System/src/airline/management/system/Login.java</file>
            <file>file:/C:/Users/sumit/Documents/NetBeansProjects/Airline%20Management%20System/src/airline/management/system/FlightInfo.java</file>
            <file>file:/C:/Users/sumit/Documents/NetBeansProjects/Airline%20Management%20System/src/airline/management/system/Home.java</file>
            <file>file:/C:/Users/sumit/Documents/NetBeansProjects/Airline%20Management%20System/src/airline/management/system/BookFlight.java</file>
            <file>file:/C:/Users/sumit/Documents/NetBeansProjects/Airline%20Management%20System/src/airline/management/system/Cancel.java</file>
            <file>file:/C:/Users/sumit/Documents/NetBeansProjects/Airline%20Management%20System/src/airline/management/system/Conn.java</file>
            <file>file:/C:/Users/sumit/Documents/NetBeansProjects/Airline%20Management%20System/src/airline/management/system/JourneyDetails.java</file>
            <file>file:/C:/Users/sumit/Documents/NetBeansProjects/Airline%20Management%20System/src/airline/management/system/AddCustomer.java</file>
        </group>
    </open-files>
</project-private>
